{
    "vel_scale": [
        1.3025740717672794,
        1.3114293642063823,
        1.9153908630951682,
        1.8967165390509586,
        1.1999034002385927,
        1.8897946511900288
    ],
    "acc_scale": [
        1.1133131407697008,
        1.1207677333457036,
        1.1879696105707973,
        1.1364457364734917,
        1.189871172957359,
        1.1510786473951256
    ],
    "t_delay": 0.11405576861966922
}